spl_id,ENV_spl_longitude,ENV_spl_latitude,Depth,SST,Chla,Eup,Sal,NPP,Sub,TaxR,TaxE,FunR,FunE,PhyR,PhyE,BIO_qual,TBiom,FBiom
IR_1,-10.61,54.58,233,13.84999359,0.269932926,56.31001663,35.21400072,476.9993286,Sandy_mud,13,3.778,4.6449,2.8898,6.3281,2.2201,0.999991942,248.198,190.796
IR_2,-10.095,54.756,116,13.91999359,0.664276302,43.67005539,35.24100072,836.9979858,Seabed,19,5.505,4.9716,2.2916,7.2888,1.8627,1,788.358,746.566
IR_3,-10.08,55.069,238,13.67999359,0.352930516,51.84004593,35.17300072,566.9985962,Muddy_sand,16,7.2533,4.7606,3.7029,6.5433,2.5496,1,263.392,121.716
IR_4,-8.338,54.585,35,14.64999357,3.026923656,48.3821106,32.45600059,648.8101196,Sand,16,3.0755,5.1241,2.2627,7.5577,1.8814,0.999997146,5255.49125,5160.63875
IR_5,-8.517,54.519,59,14.61999357,1.564477921,43.4800148,34.46900069,882.9991455,Sand,18,5.4706,5.5829,3.0962,7.5159,2.9987,1,1106.239224,983.1637069
IR_6,-8.711,54.602,82,14.55999357,0.692676127,49.74999619,34.47500069,655,Sand,20,3.6414,6.0927,1.974,7.9401,1.9736,1,1646.791,1599.492
IR_7,-8.626,54.869,55,14.46999357,1.463371634,41.36003876,34.53900069,953.9983521,Sand,14,1.6297,5.4055,1.4247,6.9421,1.3437,1,1756.319721,1650.185928
IR_8,-9.565,55.244,112,13.49999359,0.295692414,54.38006973,35.15900072,368.9979858,Coarse_substrate,21,2.5597,5.6786,1.9854,7.9603,1.6726,1,3131.710659,661.6094824
IR_9,-9.535,55.49,264,13.3499936,0.249619976,55.46006775,35.15700072,338.9978333,Muddy_sand,16,7.9401,4.9884,3.0925,6.2027,2.1728,1,582.064,446.388
IR_10,-8.323,55.823,147,13.1999936,0.308854222,59.44996643,35.14700072,370.9982605,Muddy_sand,22,3.3718,5.4617,2.5537,9.5749,2.2675,1,4442.236,4114.388
IR_11,-7.938,55.866,151,13.2899936,0.220192522,59.96991348,35.13300072,396.999054,Muddy_sand,22,4.603,5.763,2.5385,8.8531,2.0794,1,3970.411598,3909.805884
IR_12,-7.81,55.997,165,13.2299936,0.283774853,60.09990692,35.14300072,386.9986267,Sandy_mud,23,4.8061,5.5083,2.0422,8.3412,1.6326,1,592.718,574.588
IR_13,-7.753,56.211,116,13.0499936,0.373005033,53.90987015,,437.0004272,Coarse_substrate,19,2.6235,4.9074,1.4793,7.2187,1.2363,0.999796631,4130.418,3939.102
IR_14,-8.24,56.199,155,12.85999361,0.291439742,62.35978317,,457.9973755,Sand,28,8.2197,6.3359,3.4001,10.6587,2.7104,1,471.3982493,397.4864309
IR_15,-8.404,56.018,145,12.92999361,0.316202283,62.08988953,35.13200072,448.9959106,Mixed_sediment,26,4.4553,6.012,2.5259,10.1506,2.227,1,3711.058,3546.67
IR_16,-8.807,55.993,137,12.92999361,0.386315644,61.41997147,35.16400072,494.9934082,Mixed_sediment,24,2.5563,5.3759,2.0884,8.8976,1.7286,1,1647.884,579.58
IR_17,-8.771,56.155,130,12.89999361,0.383053094,63.86990356,,508.9921265,Mixed_sediment,22,3.3033,5.513,2.3763,7.8273,1.9325,1,1191.148,522.036
IR_18,-9.18,56.199,244,12.92999361,0.31191811,64.00992584,,445.993988,Muddy_sand,16,4.7082,4.4834,3.357,6.203,2.235,1,955.732,461.928
IR_19,-8.275,56.393,168,12.85999361,0.497956485,49.42001343,,627.9921875,Sand,22,3.2917,5.2393,1.8218,7.9396,1.5948,1,1874.352,1795.196
IR_20,-8.103,56.292,177,12.89999361,0.746426404,45.02013397,,859.9851685,Muddy_sand,22,3.5842,5.835,2.188,8.9847,1.9039,1,3526.103363,3440.893363
IR_21,-7.624,56.34,157,13.2199936,0.539165914,39.09030533,,678.9932251,Sand,22,4.9182,5.6229,1.7791,8.4043,1.4461,1,3067.276,3030.796
IR_22,-7.297,56.212,95,13.59999359,0.736264586,39.51023865,,851.9827881,Sand,23,4.5995,5.7749,2.5089,9.1338,1.9244,1,1137.915422,1093.271551
IR_23,-7.072,56.301,97,13.68999359,0.941242993,35.47045898,,996.9682617,Sand,27,3.8964,6.0243,1.7192,10.2688,1.4904,1,1649.54525,1430.679875
IR_24,-6.765,56.404,85,13.69999359,1.039738059,40.1203537,,1105.953857,Muddy_sand,21,3.3652,5.5121,1.6848,7.3291,1.4631,1,2062.52,2016.354
IR_25,-7.445,56.065,111,13.4799936,0.673907816,41.8102417,,908.9787598,Sand,20,3.7156,5.4826,1.7297,6.8867,1.4849,1,3287.136,3140.164
IR_26,-7.044,56.052,99,13.79999359,0.877466619,45.70003128,,901.9784546,Sand,24,3.9262,5.5343,2.3764,8.8948,2.184,1,6902.702,6824.99
IR_27,-6.804,56.185,77,13.86999359,0.687434316,45.41012192,,807.9732056,Sand,15,5.7086,5.2343,3.099,7.0806,2.5575,1,1138.247561,1053.266872
IR_28,-6.674,55.925,60,13.92999359,1.332942486,37.75030518,34.56400069,1271.956787,Sand,14,6.1072,4.4443,2.9997,6.6317,2.5257,0.998496785,107.769,77.664
IR_29,-7.058,55.88,57,13.81999359,1.105276108,42.08013916,35.04600071,1103.97644,Sand,13,5.3974,4.5862,2.7811,6.0459,2.2083,0.99938214,278.38,224.6
IR_30,-7.334,55.637,67,13.90999359,0.849173844,43.67008209,34.94900071,986.9908447,Coarse_substrate,14,3.1175,4.5279,1.9964,5.5295,1.7767,0.999461523,824.548,779.516
IR_31,-7.586,55.225,18,13.68999359,5.493319511,15.8009634,,4001.85376,Sand,16,2.0096,5.0555,1.6764,7.6049,1.442,1,665.63,631.938
IR_32,-6.883,55.368,72,13.82999359,0.998887181,34.47038269,34.58000069,1140.968994,Coarse_substrate,16,3.1932,4.5787,1.9557,6.2682,1.8502,1,1015.1472,976.8336
IR_33,-6.32,55.347,175,13.95999358,1.375896335,31.81049538,34.51200069,1322.959961,Coarse_substrate,9,4.1241,2.7338,1.8095,3.0699,1.3454,0.999964215,72.9,67.47652174
IR_34,-7.624,55.831,122,13.64999359,0.792552769,39.17055893,35.17100072,465.9926758,Muddy_sand,23,4.2901,5.7569,2.034,9.3942,1.7553,1,2054.0668,1808.7316
IR_35,-8.047,55.761,107,13.4799936,0.731911898,28.98134995,35.15900072,421.9895325,Muddy_sand,23,5.0399,5.7156,2.6594,8.2549,2.2905,1,923.058,887.688
IR_36,-8.265,55.594,85,13.66999359,0.340082794,35.56064606,35.19300072,317.0029297,Coarse_substrate,15,2.262,4.3524,1.5525,5.5009,1.6132,0.999982002,10667.976,10636.624
IR_37,-8.587,55.432,100,13.73999359,0.272879928,32.65067291,35.18600072,356.0003967,Muddy_sand,17,4.3735,5.1662,2.5614,6.0722,2.2604,1,1368.94875,1342.7025
IR_38,-8.869,55.481,90,13.48999359,0.39531672,32.23099136,35.15200072,425.9884033,Coarse_substrate,17,2.9656,4.0538,1.9244,5.7409,1.7614,0.999921916,3397.162285,3346.099127
IR_39,-9.127,55.323,101,13.59999359,0.49805513,31.98107338,35.16700072,528.9804077,Coarse_substrate,17,2.9714,5.1003,1.7284,6.461,1.521,1,836.382871,789.3457286
IR_40,-9.013,55.118,96,14.03999358,0.356895983,52.29989243,35.17000072,556.9997559,Sand,21,9.2372,5.2918,3.6171,7.3031,2.754,0.999738699,554.915,406.7775
IR_41,-9.415,54.993,94,13.83999359,0.500960231,47.53039551,35.25200072,674.9827271,Coarse_substrate,17,3.4778,4.737,2.2676,5.995,2.0848,0.999820493,690.782,673.066
IR_42,-9.709,54.977,110,13.54999359,0.472138822,47.73063278,35.20000072,657.9755859,Coarse_substrate,21,2.7494,5.6141,1.5314,8.2569,1.3768,0.999746797,1706.138,1564.77
IR_43,-10.385,52.924,115,12.65999361,1.285401344,53.60466766,35.04500071,991.8667603,Sandy_mud,23,6.5984,6.315,3.1918,9.2553,3.2261,1,286.2130344,261.573904
IR_44,-10.693,53.18,114,12.55999362,0.46806705,49.15909576,34.98300071,579.9472656,Sand,24,3.3107,5.6108,2.3726,9.3676,1.9174,1,933.642,299.908
IR_45,-10.244,51.378,116,12.59999361,0.658207834,50.07549286,35.10500072,919.9533691,Coarse_substrate,25,13.3036,5.8393,4.321,8.8947,3.6335,1,173.2161245,102.0367694
IR_46,-10.537,51.132,162,12.76999361,0.316916734,57.97929764,35.31100073,528.9838867,Sand,20,9.7219,5.5823,3.9017,8.0025,3.1636,1,61.62967726,48.13548371
IR_47,-10.234,51.055,131,12.61999361,0.476517588,58.29148483,35.29600073,635.9793091,Sand,21,11.0696,6.2291,4.5507,9.4401,4.0322,1,110.996,58.088
IR_48,-10.029,50.901,139,12.50999362,0.639962554,57.73039627,35.34500073,690.9783325,Sand,23,5.3515,5.7822,2.5725,8.8276,2.2706,1,273.194,239.348
IR_49,-9.645,50.912,122,12.54999362,1.047213674,53.92496872,35.13400072,727.975708,Coarse_substrate,23,3.01,5.7389,2.2558,8.6787,1.8475,1,2190.086646,729.8866463
IR_50,-6.476,51.118,98,12.76999361,0.557749987,53.19916153,35.04300071,659.9570923,Sand,21,3.2691,5.6121,1.7546,7.1192,1.3834,1,3467.22977,3158.45171
IR_51,-6.13,51.189,105,12.94999361,0.534407198,50.55323792,35.14000072,754.9433594,Sandy_mud_or_Muddy_sand,20,3.3741,6.2265,1.9504,8.4086,1.7248,0.999905641,105.978,96.13
IR_52,-5.483,51.239,74,13.3999936,0.735849679,45.00575638,35.28500073,945.9175415,Sand,26,1.3046,6.4198,1.1336,10.6241,1.1687,1,8658.122,8569.994
IR_53,-5.267,51.41,70,13.3199936,1.115817904,33.76551056,35.07700072,854.7070923,Sand,17,3.3484,5.1863,2.2244,7.4672,1.9381,1,202.672,195.434
IR_54,-5.499,51.466,73,13.3299936,1.0556916,37.83415985,35.21800072,684.0162964,Sand,19,3.713,6.8257,2.311,9.3792,2.0144,1,413.528,377.26
IR_55,-5.775,51.404,83,13.2999936,0.520796239,44.02628708,35.28200073,542.8446045,Sand,25,5.1676,5.8245,2.6185,10.25,2.079,1,541.0599883,442.2770466
IR_56,-6.121,51.475,109,13.0699936,0.659921825,45.09104919,35.17500072,502.3335266,Sandy_mud_or_Muddy_sand,21,7.587,6.0965,3.9007,9.7075,3.1026,0.994322112,387.468,319.542
IR_57,-6.355,51.414,111,12.95999361,0.691191137,47.60047913,35.15100072,445.3567505,Sandy_mud_or_Muddy_sand,16,1.9952,5.7342,1.4947,6.1844,1.3611,0.999984294,254.678,253.488
IR_58,-6.501,51.739,71,12.89999361,0.929638505,44.17790222,35.11100072,413.6810913,Muddy_sand,20,4.4907,5.5077,2.7394,9.1182,2.2025,1,1269.369,1158.063
IR_59,-6.207,51.588,116,12.93999361,0.785299838,44.48657608,35.20800072,409.2809753,Sandy_mud_or_Muddy_sand,25,4.6307,6.1412,2.6142,10.8645,2.1454,1,262.328,229.728
IR_60,-5.9,51.736,116,13.1199936,0.830098391,41.49189758,35.21600072,496.6552734,Coarse_substrate,23,2.6379,5.7038,1.3509,9.1266,1.1936,1,2956.06,2922.474
IR_61,-6.076,51.809,111,13.0999936,0.587339699,42.25476456,35.22500072,473.8463135,Coarse_substrate,19,4.4077,4.7952,1.9904,7.0765,1.6351,1,371.566,358.85
IR_62,-6.213,52.016,77,12.88999361,1.116406798,36.58674622,35.03700071,618.2704468,Coarse_substrate,22,6.6425,5.4361,2.606,9.2277,2.1785,1,858.624,658.408
IR_63,-7.271,50.646,107,12.27999362,0.742252946,49.92106247,35.25000072,815.9199829,Sandy_mud_or_Muddy_sand,21,7.3632,6.0421,3.3102,9.3034,2.5022,0.999910445,172.8987064,136.3664483
IR_64,-7.605,50.615,114,12.23999362,0.527906299,48.89819336,35.31800073,724.9401855,Fine_mud,27,5.8634,6.0293,2.918,10.7631,2.214,0.999993416,303.78,286.254
IR_65,-7.843,50.723,107,12.26999362,0.504475772,47.0308876,35.32600073,775.9341431,Fine_mud,24,7.4906,5.1775,3.2075,9.4573,2.4258,1,135.95,103.438
IR_66,-8.024,50.534,118,12.25999362,0.362872362,47.33776474,35.33400073,648.9448853,Fine_mud,20,6.1169,4.9919,3.0474,7.5442,2.6914,1,305.436,272.836
IR_67,-8.192,50.76,112,12.30999362,0.634990633,46.1326561,35.30100073,697.9398193,Sand,19,4.63,5.4919,2.5242,8.4858,2.1408,0.999960915,102.34,93.444
IR_68,-8.506,50.879,116,12.21999362,0.491739661,45.38934326,35.30100073,418.6021118,Fine_mud,27,2.3337,6.0461,1.8523,10.3264,1.6132,0.99999497,795.212,116.878
IR_69,-8.768,51.098,113,12.26999362,0.731991589,44.90314102,35.21000072,462.9898071,Fine_mud,23,5.2263,5.6736,3.2249,8.5182,2.2576,0.999972184,71.902,64.16
IR_70,-8.764,51.261,102,12.27999362,0.627293646,43.66440964,35.20900072,495.5626221,Coarse_substrate,29,8.1715,5.9566,2.6039,10.5195,2.0419,1,341.782,317.442
IR_71,-8.573,51.44,92,12.23999362,0.693648815,43.94131851,35.09600072,461.8369446,Muddy_sand,25,4.138,5.6991,2.8104,9.1751,2.1434,1,714.27,674.316
IR_72,-8.867,51.52,60,11.90999363,1.391005635,38.99982452,34.7890007,642.0888062,Muddy_sand,27,7.6131,6.471,3.8981,10.9709,3.5055,0.999369923,438.042,382.11
IR_73,-9.225,51.291,119,11.96999363,0.635078549,37.69836807,35.16600072,687.9277344,Fine_mud,30,12.2799,6.1543,4.5978,11.7121,3.9622,1,172.554,148.122
IR_74,-9.607,51.112,119,11.90999363,0.474413842,42.09482193,35.15200072,589.7520752,Muddy_sand,25,11.2211,5.6137,4.3447,9.8395,3.4631,1,77.21793103,58.37172414
IR_75,-9.944,51.16,122,11.84999363,0.400151253,43.39692307,35.15700072,539.8921509,Sand,28,4.6409,5.7911,2.2138,10.4908,1.9601,1,1173.371111,1118.737778
IR_76,-10.371,50.544,158,12.24999362,0.338418424,48.97354507,35.47400073,450.7684937,Sand,22,4.54,5.7572,2.9316,9.9248,2.5953,0.999993986,332.544,32.178
IR_77,-10.529,50.726,160,12.30999362,0.325161338,46.62148666,35.42600073,502.8578491,Sand,21,7.2218,5.2305,3.0892,8.686,3.2788,1,135.596,42.378
IR_78,-10.838,50.844,173,12.47999362,0.18925941,52.2259903,35.36700073,396.6785889,Sand,27,2.3469,6.4137,1.9413,12.0154,1.6706,1,3905.078,3133.026
IR_79,-10.931,50.552,287,12.67999361,0.228721425,54.5974617,35.43600073,373.8082275,Seabed,21,5.0875,6.2753,2.7809,9.1039,2.2214,1,199.977931,171.2110345
IR_80,-11.091,50.281,507,12.74999361,0.274909288,55.07806396,35.39900073,344.6324158,Seabed,25,5.4794,5.4265,2.581,10.5611,2.7186,0.999949235,295.478,191.65575
IR_81,-11.185,50.946,244,12.39999362,0.158107415,68.21603394,35.40200073,182.2859497,Sandy_mud,24,3.8428,5.9873,2.3064,10.0438,2.2446,1,733.066,656.298
IR_82,-10.743,51.227,164,11.88999363,0.207171693,54.99364471,35.13600072,252.5596771,Sand,22,11.7711,5.8582,3.9648,9.3406,3.5109,1,72.82,51.358
IR_83,-11.098,51.239,186,12.10999363,0.18705152,58.21673203,35.39000073,230.441803,Seabed,21,4.7764,5.5359,1.9279,8.6162,1.7956,1,312.758,284.596
IR_84,-11.462,51.388,301,12.25999362,0.116466343,61.53147888,35.45400073,215.402771,Sandy_mud,23,2.171,5.6241,1.3804,10.31,1.3859,1,699.702,666.1
IR_85,-10.796,51.458,162,11.60999364,0.474782139,48.58229828,35.16700072,285.6826477,Sand,23,11.3268,5.8011,4.1696,9.2746,3.0243,1,130.444,96.168
IR_86,-10.806,51.632,150,11.55999364,0.423416346,47.04698181,35.20100072,292.3528442,Sand,27,11.4439,5.9507,4.0091,10.447,3.2373,1,128.336,99.494
IR_87,-11.096,51.594,180,11.77999363,0.330930471,52.60607147,35.34300073,246.0817719,Sand,25,8.392,5.6997,3.1963,10.7968,2.864,1,230.298,164.794
IR_88,-10.985,51.802,156,11.60999364,0.53597641,49.18759537,35.26400073,263.9267578,Sand,23,8.2283,5.8212,3.107,9.0377,2.5362,1,169.084,142.264
IR_89,-11.157,52.045,149,11.71999363,0.34918049,50.31930542,35.34800073,249.890625,Sand,26,10.0313,5.1427,3.7079,9.5391,2.9827,1,191.34,122.172
IR_90,-11.529,51.878,248,11.97999363,0.308650792,49.89823151,35.45100073,327.5493164,Sandy_mud,23,5.0712,5.0278,2.2763,8.6351,2.08,1,485.964,459.53
IR_91,-11.602,52.129,262,11.84999363,0.421369225,48.26622772,35.43800073,338.9649048,Sandy_mud,22,3.5625,5.1806,2.0387,8.9334,1.9076,1,706.722,680.002
IR_92,-11.63,52.371,179,11.69999363,0.701824009,47.86250305,35.43000073,338.2821045,Sand,21,6.1351,5.0804,2.989,7.8548,2.5358,1,375.104,319.17
IR_93,-11.954,52.423,288,11.86999363,0.300502956,50.63549042,35.44300073,282.7556152,Sandy_mud,12,5.2198,3.9697,3.1481,5.4368,2.8464,1,52.554,27.192
IR_94,-11.742,52.589,173,11.70999363,0.625242233,47.66826248,35.43400073,327.1816406,Seabed,22,10.4067,5.0847,3.9479,8.1754,3.3738,1,99.824,46.458
IR_95,-12.054,52.701,246,11.85999363,0.362073392,50.94236755,35.44100073,274.0558472,Sandy_mud,19,1.534,5.0683,1.3024,7.1104,1.2733,0.99995766,614.078,605.556
IR_96,-12.08,52.956,247,11.74999363,0.262916028,51.3442955,35.43900073,258.4783936,Sandy_mud,21,3.5979,5.3054,1.7233,8.9217,1.5097,1,641.136,579.172
IR_97,-12.326,53.112,317,11.71999363,0.213177651,53.50179291,35.41600073,226.522583,Sandy_mud,17,1.29,5.0381,1.1331,7.1078,1.1034,1,4838.49,4801.156
IR_98,-12.015,53.257,241,11.59999364,0.172452569,52.83757782,35.46200073,232.0775146,Sandy_mud,20,6.2456,5.0423,2.7137,7.74,2.3678,1,467.288,419.124
IR_99,-11.951,53.11,297,11.64999364,0.169611365,52.01633072,35.44400073,252.7198944,Sandy_mud,23,10.8815,5.1792,3.4741,9.0904,2.7483,1,249.536,181.978
IR_100,-12.127,53.461,315,11.47999364,0.116589278,53.16323853,35.39500073,203.584137,Sandy_mud,19,1.4876,4.3444,1.3282,7.9704,1.2646,1,1350.468,1334.882
IR_101,-11.934,53.611,295,11.38999364,0.138676196,52.05659103,35.44400073,212.6708221,Sandy_mud,19,4.4546,5.287,2.428,7.6646,1.9147,1,278.82,250.48
IR_102,-11.591,53.556,213,11.37999364,0.187050357,50.27047729,35.40200073,236.4007721,Sandy_mud,22,5.722,5.1939,2.1583,8.6061,1.8728,1,423.746,389.034
IR_103,-11.398,53.688,220,11.31999364,0.215079039,49.72525024,35.41200073,239.2285004,Sandy_mud,23,8.2123,5.2744,3.4992,9.2102,2.6894,1,181.644,157.568
IR_104,-11.202,53.924,218,11.27999364,0.283136576,49.10456085,35.39400073,237.350174,Sandy_mud,19,8.6358,5.1458,4.1825,7.8629,2.7512,1,98.358,74.752
IR_105,-8.821,54.395,53,10.80999365,0.679605305,49.63034821,34.38000068,169.0754852,Sand,25,4.9618,5.7088,2.5832,8.5382,2.1332,1,623.57,356.756
IR_106,-9.273,54.322,40,11.03999365,0.807196736,49.88825607,34.7150007,182.4411163,Seabed,16,4.6571,4.8786,2.4564,6.8275,1.9388,1,510.19,431.26
IR_107,-9.626,54.34,41,11.16999365,0.412519485,50.66038895,,184.8423157,Seabed,17,4.0463,5.2982,2.8246,6.6192,2.0923,1,396.718,374.724
IR_108,-9.848,54.486,97,11.31999364,0.411249191,50.86333847,35.04700071,166.6239624,Sand,24,3.8441,5.519,2.4902,9.0793,1.9931,1,1969.053,1749.792
IR_109,-10.187,54.459,114,11.22999365,0.527596056,51.29883575,35.14600072,150.1386414,Seabed,22,6.5552,5.3373,3.3318,7.9672,2.6113,1,938.854,676.298
IR_110,-10.312,54.302,113,11.18999365,0.654446125,50.57018661,35.18800072,151.7390747,Seabed,24,3.0942,5.9407,2.2894,9.6653,1.9472,1,1523.684,770.11
IR_111,-10.677,54.179,175,11.23999365,0.486718535,50.49246979,35.33200073,162.079361,Seabed,24,10.0029,6.1287,3.8393,8.8751,3.2591,1,1160.018,871.498
IR_112,-11.039,54.077,226,11.25999364,0.324785173,50.63277054,35.38000073,159.8523254,Sandy_mud,24,5.5495,5.4845,3.1689,9.6259,2.6387,1,375.992,319.372
IR_113,-11.203,54.26,326,11.31999364,0.301149428,51.30699539,35.35600073,150.9399414,Sandy_mud,17,2.8457,5.3268,1.699,7.3896,1.9518,0.999963656,550.304,458.43
IR_114,-10.859,53.425,134,11.29999364,0.216412574,53.99489975,35.24300072,142.8871765,Seabed,25,3.0282,5.0001,2.2219,8.1677,1.8277,1,2818.982,754.69
IR_115,-11.212,53.227,141,11.29999364,0.284627408,54.29518127,35.28100073,140.5852051,Sand,23,5.979,5.5021,3.7311,8.4395,2.9481,1,1341.526,592.94
IR_116,-11.233,53.033,133,11.27999364,0.271276921,54.38167191,35.39100073,139.0132751,Seabed,24,4.8615,5.6527,3.2416,8.8297,2.4299,1,11412.177,5653.416
IR_117,-11.066,52.907,132,11.23999365,0.316114068,54.71134949,35.30700073,176.4473572,Sand,26,2.2951,5.6903,1.8481,9.4804,1.6306,1,3277.694,495.214
IR_118,-10.877,52.774,125,11.22999365,0.412569761,53.59069061,35.01000071,183.825058,Sand,28,1.994,5.8671,1.5685,10.264,1.4757,1,2128.914,165.318
IR_119,-11.477,52.766,138,11.35999364,0.341605574,53.96836472,35.39300073,184.4076233,Seabed,23,2.4872,5.7974,1.9493,9.1476,1.7252,1,2277.292,368.942
IR_120,-10.287,53.318,118,10.90999365,0.398413479,51.24461746,34.88000071,60.50720596,Sandy_mud,24,4.3534,6.2428,2.8984,10.2188,2.3126,1,285.372,263.368
IR_121,-9.974,52.946,98,10.87999365,0.41243571,51.10575485,34.90200071,65.24897766,Sandy_mud,21,7.1823,6.0855,3.1723,9.2336,3.385,1,135.958,122.84
IR_122,-9.719,53.054,71,10.73999366,0.482379019,49.16390228,34.23400068,60.775177,Sandy_mud,26,2.2631,6.1558,2.0247,10.3048,1.9377,1,5191.2148,5165.7148
IR_123,-9.765,52.553,17,10.52999366,5.179225922,46.71737671,33.30600063,140.4816284,Sand,12,2.35,4.5639,2.0065,6.1339,1.6947,1,129.926,107.14
IR_124,-10.34,52.521,97,10.84999365,0.648107409,52.26343918,35.01300071,111.1974945,Muddy_sand,24,11.2997,5.8781,3.9955,10.2684,3.8207,1,117.104,47.386
IR_125,-9.629,52.758,49,10.65999366,1.962070107,49.43527603,34.19400067,110.8101959,Sand,21,3.0612,6.0972,1.9139,8.979,2.0019,1,937.368,916.464
IR_126,-10.204,51.69,76,10.74999366,0.686080754,52.38276672,34.96100071,202.9574127,Sandy_mud,23,4.1347,6.2823,2.0723,10.1608,2.1889,1,172.782,157.074
IR_127,-10.55,51.927,92,10.83999365,0.80424279,52.94944763,35.16500072,194.7394409,Sand,27,5.7385,5.8752,3.2547,10.6494,2.5563,1,425.572,323.794
IR_128,-10.464,51.477,130,11.03999365,0.634439766,53.44030762,35.24600072,182.4725037,Sand,29,9.5442,5.5955,3.261,10.6295,2.5236,1,168.686,121.42
IR_129,-9.753,50.336,130,11.21999365,0.368764192,55.69954681,35.37900073,169.1833496,Sand,24,7.5103,6.1215,2.9914,10.4382,2.9782,1,196.164,56.874
IR_130,-9.154,50.518,130,11.11999365,0.500730336,54.82037354,35.35800073,65.39425659,Muddy_sand,28,5.616,5.3287,2.7586,10.9281,2.2137,1,700.258,387.04
IR_131,-8.913,50.625,126,11.10999365,0.470595598,54.58180618,35.39000073,61.51470947,Muddy_sand,20,3.2037,5.6317,2.2146,8.2507,1.8748,1,326.464,95.578
IR_132,-8.617,50.552,121,11.16999365,0.493238479,54.2947464,35.37400073,54.50928497,Fine_mud,23,6.0873,5.7701,3.222,10.9279,2.2866,1,94.85,70.848
IR_133,-7.787,50.883,105,11.11999365,0.591862679,53.8177948,35.23800072,59.87175751,Coarse_substrate,28,7.4388,5.5085,2.9524,10.1303,2.0787,1,247.684,205.554
IR_134,-7.567,51.034,101,11.47999364,0.664764166,55.50769424,35.22100072,114.8251801,Sand,26,3.4112,5.9501,1.7773,9.6323,1.4453,1,919.816,881.598
IR_135,-7.447,51.156,105,11.58999364,0.756105721,54.38725662,35.23200072,115.3878098,Coarse_substrate,32,8.8593,5.5597,3.0248,12.1223,2.6023,1,319.146,252.018
IR_136,-7.238,51.29,93,11.70999363,0.75457269,53.72149277,35.26300072,109.644043,Coarse_substrate,31,8.5161,5.8949,2.688,10.4977,2.2344,1,343.234,298.726
IR_137,-6.925,51.311,117,11.75999363,0.71468997,53.11481857,35.21400072,92.28881073,Muddy_sand,24,9.6142,6.2236,4.6898,9.8895,3.4221,1,139.006,124.026
IR_138,-7.426,51.898,63,11.33999364,0.889475882,52.52541733,35.09400072,121.8589935,Sand,31,3.0781,6.065,1.8263,11.3645,1.6366,1,1453.438,1319.26
IR_139,-7.087,51.801,73,11.57999364,0.681217551,52.55986786,35.12500072,165.4421387,Coarse_substrate,34,4.5858,6.105,2.2995,12.764,1.9302,0.999997702,870.352,772.168
IR_140,-6.755,52.007,55,11.33999364,0.636727393,52.32329941,35.06500072,142.9675293,Sand,36,8.1003,6.1766,4.134,12.7139,2.9851,1,1661.295875,1376.991125
IR_141,-6.994,51.623,75,11.79999363,0.755714297,52.61642075,35.17400072,189.6912537,Coarse_substrate,29,6.2451,5.5703,2.7039,10.6663,2.156,1,651.999625,570.418
IR_142,-7.177,51.501,78,11.66999364,0.725912571,52.22238159,35.21000072,160.8897095,Coarse_substrate,27,5.0703,5.4987,2.5789,9.9119,2.5335,1,440.744,378.514
IR_143,-7.468,51.589,78,11.53999364,0.618366957,52.88226318,35.20500072,154.4066315,Coarse_substrate,26,3.7139,5.8303,1.6995,10.5722,1.4543,0.999133565,877.158,832.446
IR_144,-7.798,51.632,85,11.29999364,0.66580838,52.56817627,35.08400072,157.0679626,Muddy_sand,31,3.703,6.0184,1.7413,12.1224,1.5413,1,1086.05,1039.662
IR_145,-8.256,51.645,63,11.06999365,0.712560833,50.94238663,34.41000068,158.2168274,Muddy_sand,33,14.7427,6.0511,4.4516,13.0762,3.5937,1,266.074,169.602
IR_146,-7.672,51.243,93,11.39999364,0.642775536,50.17962646,35.23300072,168.1610107,Coarse_substrate,29,5.7149,5.644,1.9712,10.8178,1.648,1,881.194,826.248
IR_147,-7.636,51.4,85,11.43999364,0.61245656,53.06902313,35.25200072,129.6991425,Coarse_substrate,31,4.4529,5.6599,1.8926,11.2506,1.7102,1,401.048,370.656
IR_148,-7.831,51.388,90,11.32999364,0.66859746,51.84595108,35.24300072,139.6796722,Coarse_substrate,28,6.1644,5.4236,2.0683,10.1619,1.756,1,445.336,386.838
IR_149,-8.147,51.482,89,11.14999365,0.654397845,50.50186539,35.21200072,131.8328247,Muddy_sand,35,6.2453,6.1647,2.0781,12.7442,1.7182,1,1341.524,1242.368
IR_150,-8.216,51.108,106,11.10999365,0.768765986,53.62112045,35.21200072,129.6425629,Sand,27,10.823,5.2566,4.1635,9.9581,2.8026,1,128.624,91.398
IR_151,-8.898,50.843,121,11.01999365,0.536499381,53.59276199,35.42000073,175.2350159,Sand,32,3.4696,5.7597,2.2619,12.4062,1.8249,0.999929956,2084.394,617.918
IR_152,-9.079,50.877,120,11.02999365,0.526614845,53.15719604,35.44000073,186.1569366,Muddy_sand,25,4.8267,5.3368,2.2508,9.8438,1.8124,1,465.256,396.294
IR_153,-9.213,50.756,125,11.02999365,0.607832611,52.99539185,35.38200073,204.8251648,Sand,26,4.9875,5.1104,2.3263,8.8641,1.9075,1,203.272,184.066
IR_154,-9.367,50.826,120,10.98999365,0.581076622,52.92321777,35.38800073,92.98381805,Muddy_sand,25,4.3392,5.4921,2.448,9.5535,1.9077,1,364.126,299.1
IR_155,-9.769,50.818,122,11.15999365,0.662398934,52.16349792,35.23100072,73.06354523,Sand,24,7.0372,5.6061,2.4894,9.1302,1.8944,1,222.928,190.032
IR_156,-9.875,50.755,123,11.23999365,0.690185905,52.15684891,35.20700072,74.79972839,Sand,26,4.4109,5.9304,2.5392,9.9921,2.1747,1,316.774,255.38
IR_157,-9.633,51.458,50,10.78999366,0.891631663,50.5427475,34.86700071,101.2628021,Seabed,27,6.905,6.8871,3.7877,12.4101,3.5584,1,145.034,85.126
IR_158,-9.787,51.353,85,11.15999365,0.759512782,51.33687973,35.11900072,245.6072235,Rock_or_other_hard_substrata,36,7.6057,6.4856,3.0511,13.308,2.3943,0.996588503,352.338,211.488
IR_159,-10.085,51.488,71,11.06999365,0.763202429,50.57821274,35.10500072,248.5516968,Sand,27,6.5815,5.8075,2.9396,10.8068,2.7261,1,127.9841379,100.6344828
IR_160,-9.834,51.599,57,10.90999365,1.942198277,48.61905289,34.50900069,277.6196289,Sandy_mud,30,8.8193,6.5894,3.6887,11.9678,3.4761,1,214.814,149.74
IR_161,-9.658,51.657,42,10.75999366,7.791948318,,,,Sandy_mud,20,4.8981,6.2312,2.8144,9.1109,3.0014,1,97.516,74.29
IR_162,-11.835,52.785,185,11.35999364,0.457265675,52.27862167,35.45500073,183.9873047,Seabed,27,8.3708,5.2109,3.64,9.0637,3.0109,1,245.576,97.922
IR_163,-11.643,53.115,160,11.18999365,0.406713843,53.0175972,35.43200073,160.0494537,Seabed,24,5.8632,5.242,3.5445,8.6209,2.6147,1,609.696,224.378